{"cameraMode":{"drawMode":0,"name":"Shaded","section":"Shading Mode"},"sceneLighting":true,"audioPlay":false,"sceneViewState":{"m_AlwaysRefresh":false,"showFog":true,"showSkybox":true,"showFlares":true,"showImageEffects":true,"showParticleSystems":true,"showVisualEffectGraphs":true,"m_FxEnabled":true},"in2DMode":false,"pivot":{"x":9.471023559570313,"y":5.57524299621582,"z":-4.030705451965332},"rotation":{"x":-0.1467747688293457,"y":-0.006829359102994204,"z":0.0010101492516696454,"w":-0.9891541004180908},"size":4.7524309158325199,"orthographic":false}